Corp,corp_code,Securities,sec_code,Bank,bank_code,en_caption,category_code,parent_code
A. CURRENT ASSETS,BS_100,A. CURRENT ASSETS,BS_100,,,(Balance sheet) A. CURRENT ASSETS,BS_100,BS_100
,,I. Financial Assets,BS_110,,,(Balance sheet) (Securities) Financial Assets,BS_101,BS_101
I. Cash and cash equivalents,BS_110,1. Cash and cash equivalents,BS_111,,,(Balance sheet) Cash and cash equivalents,BS_110,BS_110
Cash,BS_111,1.1. Cash,BS_111.1,"Cash, precious metals, gemstones",BS_110,(Balance sheet) Cash,BS_111,BS_110
,,,,Deposits at the Central Bank,BS_120,(Balance sheet) (Bank) Deposits at the Central Bank,BS_112,BS_110
Cash equivalents,BS_112,1.2. Cash equivalents,BS_111.2,,,(Balance sheet) Cash equivalents,BS_113,BS_110
,,,,Deposits and loans to other credit institutions,BS_130,(Balance sheet) (Bank) Deposits and loans to other credit institutions,BS_114,BS_110
,,,,Deposits at other credit institutions,BS_131,(Balance sheet) (Bank) Deposits at other credit institutions,BS_115,BS_110
,,,,Loans to other credit institutions,BS_132,(Balance sheet) (Bank) Loans to other credit institutions,BS_116,BS_110
,,,,Provision for risks on loans to other credit institutions,BS_139,(Balance sheet) (Bank) Provision for risks on loans to other credit institutions,BS_117,BS_110
,,5. Available-for-sale financial assets (AFS),BS_115,,,(Balance sheet) (Securities) Available-for-sale financial assets (AFS),BS_119,BS_110
II. Short-term financial investments,BS_120,,,,,(Balance sheet) Short-term financial investments,BS_120,BS_120
Trading securities,BS_121,2. Financial assets at fair value through profit or loss (FVTPL),BS_112,Trading securities,BS_140,(Balance sheet) Trading securities,BS_121,BS_121
,,,,Trading securities,BS_141,(Balance sheet) (Bank) Total Trading securities,BS_122,BS_121
Provision for decline in value of trading securities,BS_122,6. Provision for impairment of financial assets and collateral,BS_116,Provision for devaluation of trading securities,BS_149,(Balance sheet) Provision for devaluation of trading securities,BS_123,BS_121
,,,,Derivative financial instruments and other financial assets,BS_150,(Balance sheet) (Bank) Derivative financial instruments and other financial assets,BS_124,BS_121
,,,,Loans to customers,BS_160,(Balance sheet) (Bank) Loans to customers,BS_125,BS_125
,,,,Loans to customers,BS_161,(Balance sheet) (Bank) Total Loans to customers,BS_126,BS_125
,,,,Provision for risks on loans to customers,BS_169,(Balance sheet) (Bank) Provision for risks on loans to customers,BS_127,BS_125
,,,,Investment securities,BS_170,(Balance sheet) (Bank) Investment securities,BS_128,BS_120
,,,,Available-for-sale investment securities,BS_171,(Balance sheet) (Bank) Available-for-sale investment securities,BS_129,BS_120
Held-to-maturity investments,BS_123,3. Held-to-maturity investments (HTM),BS_113,Held-to-maturity investment securities,BS_172,(Balance sheet) Held-to-maturity investment (HTM) short-terms,BS_130,BS_120
,,,,Provision for devaluation of investment securities,BS_179,(Balance sheet) (Bank) Provision for devaluation of investment securities,BS_131,BS_120
,,,,Debt purchasing activities,BS_180,(Balance sheet) (Bank) Debt purchasing activities,BS_132,BS_120
,,,,Debt purchases,BS_181,(Balance sheet) (Bank) Debt purchases,BS_133,BS_120
,,,,Provision for risks on debt purchasing activities,BS_189,(Balance sheet) (Bank) Provision for risks on debt purchasing activities,BS_134,BS_120
,,,,,BS_200,(Balance sheet) (Bank) Outstanding Credit Balance,BS_135,BS_135
III. Short-term receivables,BS_130,7. Receivables,BS_117,,,(Balance sheet) Short-term receivables,BS_140,BS_140
Trade receivables,BS_131,7.1. Receivables from sale of financial assets,BS_117.1,,,(Balance sheet) Trade receivables,BS_141,BS_141
,,7.2. Dividends and interest receivables from financial assets,BS_117.2,,,(Balance sheet) (Securities) Dividends and interest receivables from financial assets,BS_142,BS_142
,,7.2.1. Accrued dividends and interest due,BS_117.3,,,(Balance sheet) (Securities) Accrued dividends and interest due,BS_142.1,BS_142
,,7.2.2. Accrued dividends and interest not yet due,BS_117.4,,,(Balance sheet) (Securities) Accrued dividends and interest not yet due,BS_142.2,BS_142
Prepayments to suppliers (short-term),BS_132,Advances to suppliers,BS_118,,,(Balance sheet) Prepayments to suppliers (short-term),BS_145,BS_145
,,8. Receivables from securities services provided,BS_119,,,(Balance sheet) (Securities) Receivables from securities services provided,BS_146,BS_146
Intra-group receivables (short-term),BS_133,9. Internal receivables,BS_120,,,(Balance sheet) Internal receivables,BS_147,BS_147
Receivables under construction contract progress,BS_134,,,,,(Balance sheet) Receivables under construction contract progress,BS_148,BS_148
,,10. Receivables from securities transaction errors,BS_121,,,(Balance sheet) (Securities) Receivables from securities transaction errors,BS_149,BS_149
Short-term loan receivables,BS_135,4. Loans,BS_114,,,(Balance sheet) Short-term loan receivables,BS_150,BS_150
Other short-term receivables,BS_136,11. Other receivables,BS_122,,,(Balance sheet) Other short-term receivables,BS_151,BS_151
Provision for doubtful short-term receivables,BS_137,12. Provision for impairment of receivables (*),BS_129,,,(Balance sheet) Provision for doubtful short-term receivables,BS_152,BS_152
Missing assets pending resolution,BS_139,,,,,(Balance sheet) Missing assets pending resolution,BS_153,BS_153
IV. Inventories,BS_140,,,,,(Balance sheet) Inventories,BS_160,BS_160
Inventories,BS_141,,,,,(Balance sheet) Current Inventories,BS_161,BS_160
Provision for decline in value of inventories,BS_149,,,,,(Balance sheet) Provision for decline in value of inventories,BS_162,BS_160
V. Other current assets,BS_150,II. Other Current Assets,BS_130,,,(Balance sheet) Other current assets,BS_170,BS_170
,,1. Advances,BS_131,,,(Balance sheet) (Securities) Advances,BS_171,BS_171
,,"2. Office supplies, tools, and instruments",BS_132,,,"(Balance sheet) (Securities) Office supplies, tools, and instruments",BS_172,BS_172
,,4. Short-term deposits and collateral,BS_134,,,(Balance sheet) Short-term deposits and collateral,BS_173,BS_173
Short-term prepaid expenses,BS_151,3. Short-term prepaid expenses,BS_133,,,(Balance sheet) Short-term prepaid expenses,BS_174,BS_174
Deductible VAT,BS_152,5. Deductible value-added tax (VAT),BS_135,,,(Balance sheet) Deductible VAT,BS_175,BS_175
Taxes and other receivables from the State,BS_153,6. Taxes and other receivables from the government,BS_136,,,(Balance sheet) Taxes and other receivables from the State,BS_176,BS_176
Government bond repurchase transactions,BS_154,Government bond repurchase transactions,BS_138,,,(Balance sheet) Government bond repurchase transactions,BS_177,BS_177
Other current assets,BS_155,7. Other current assets,BS_137,,,(Balance sheet) Other current assets,BS_178,BS_178
,,8. Provision for other current asset,BS_139,,,(Balance sheet) (Securities) Provision for other current asset,BS_179,BS_179
B. NON-CURRENT ASSETS,BS_200,B. NON-CURRENT ASSETS,BS_200,,,(Balance sheet) B. NON-CURRENT ASSETS,BS_200,BS_200
I. Long-term receivables,BS_210,I. Long-term Financial Assets,BS_210,,,(Balance sheet) I. Long-term receivables,BS_210,BS_210
Long-term trade receivables,BS_211,1. Long-term receivables,BS_211,,,(Balance sheet) Long-term trade receivables,BS_211,BS_210
Long-term prepayments to suppliers,BS_212,,,,,(Balance sheet) Long-term prepayments to suppliers,BS_212,BS_210
Business capital at subsidiaries,BS_213,,,,,(Balance sheet) Business capital at subsidiaries,BS_213,BS_210
Long-term intra-group receivables,BS_214,,,,,(Balance sheet) Long-term internal receivables,BS_214,BS_210
Long-term loan receivables,BS_215,,,,,(Balance sheet) Long-term loan receivables,BS_215,BS_210
Other long-term receivables,BS_216,,,,,(Balance sheet) Other long-term receivables,BS_216,BS_210
Provision for doubtful long-term receivables,BS_219,,,,,(Balance sheet) Provision for doubtful long-term receivables,BS_217,BS_210
II. Fixed assets,BS_220,II. Fixed Assets,BS_220,Fixed assets,BS_220,(Balance sheet) Fixed assets,BS_220,BS_220
Tangible fixed assets,BS_221,1. Tangible fixed assets,BS_221,Tangible fixed assets,BS_221,(Balance sheet) Tangible fixed assets,BS_221,BS_221
Historical cost,BS_222,Original cost,BS_222,Original cost of fixed assets,BS_222,(Balance sheet) (Tangible fixed assets) Historical cost,BS_222,BS_221
Accumulated depreciation,BS_223,Accumulated depreciation,BS_223a,Depreciation of fixed assets,BS_223,(Balance sheet) (Tangible fixed assets) Accumulated depreciation,BS_223,BS_221
Finance-leased fixed assets,BS_224,,BS_224,Finance lease fixed assets,BS_224,(Balance sheet) Finance-leased fixed assets,BS_224,BS_224
Historical cost,BS_225,,BS_225,Original cost of finance lease fixed assets,BS_225,(Balance sheet) (Finance-leased fixed assets) Historical cost,BS_225,BS_224
Accumulated depreciation,BS_226,,BS_226,Depreciation of finance lease fixed assets,BS_226,(Balance sheet) (Finance-leased fixed assets) Accumulated depreciation,BS_226,BS_224
Intangible fixed assets,BS_227,3. Intangible fixed assets,BS_227,Intangible fixed assets,BS_227,(Balance sheet) Intangible fixed assets,BS_227,BS_227
Historical cost,BS_228,Original cost,BS_228,Original cost of intangible fixed assets,BS_228,(Balance sheet) (Intangible fixed assets) Historical cost,BS_228,BS_227
Accumulated depreciation,BS_229,Accumulated depreciation,BS_229a,Depreciation of intangible fixed assets,BS_229,(Balance sheet) (Intangible fixed assets) Accumulated depreciation,BS_229,BS_227
III. Investment properties,BS_230,III. Investment Properties,BS_230,Investment properties,BS_240,(Balance sheet) Investment properties,BS_230,BS_230
Historical cost,BS_231,Original cost,BS_231,Original cost of investment properties,BS_241,(Balance sheet) (Investment properties) Historical cost,BS_231,BS_230
Accumulated depreciation,BS_232,Accumulated depreciation,BS_232,Depreciation of investment properties,BS_242,(Balance sheet) (Investment properties) Accumulated depreciation,BS_232,BS_230
IV. Long-term work in progress,BS_240,,,,,(Balance sheet) Long-term work in progress,BS_240,BS_240
Long-term unfinished production and business costs,BS_241,,,,,(Balance sheet) Long-term unfinished production and business costs,BS_241,BS_240
Long-term construction in progress,BS_242,IV. Construction in Progress,BS_240,,,(Balance sheet) Long-term construction in progress,BS_242,BS_240
V. Long-term financial investments,BS_250,2. Investments,BS_212,Long-term capital investments,BS_210,(Balance sheet) Long-term financial investments,BS_250,BS_250
Investment in subsidiaries,BS_251,2.2. Investments in subsidiaries,BS_212.2,Investments in subsidiaries,BS_211,(Balance sheet) (Long-term) Investment in subsidiaries,BS_251,BS_250
Investment in associates and joint ventures,BS_252,2.3. Investments in joint ventures and associates,BS_212.3,Investment in associates and joint ventures,BS_211.1,(Balance sheet) (Long-term) Investment in associates and joint ventures,BS_252,BS_250
,,,,Joint venture capital,BS_212,(Balance sheet) (Bank) Joint venture capital,BS_252.1,BS_250
,,,,Investments in associated companies,BS_213,(Balance sheet) (Bank) Investments in associated companies,BS_252.2,BS_250
Investment in other entities,BS_253,2.4. Other long-term investments,BS_212.4,Other long-term investments,BS_214,(Balance sheet) Other long-term investments,BS_253,BS_250
Provision for long-term financial investments,BS_254,,,Provision for devaluation of long-term investments,BS_219,(Balance sheet) Provision for long-term financial investments,BS_254,BS_250
Held-to-maturity investments,BS_255,2.1. Held-to-maturity investments (HTM),BS_212.1,,,(Balance sheet) (Long-term) Held-to-maturity investment (HTM),BS_255,BS_250
VI. Other non-current assets,BS_260,V. Other Long-term Assets,BS_250,Other assets,BS_250,(Balance sheet) Other non-current assets,BS_260,BS_260
,,,,Receivables,BS_251,(Balance sheet) (Bank) Other Receivables,BS_261,BS_260
,,,,Interest and fees receivable,BS_252,(Balance sheet) (Bank) Interest and fees receivable,BS_262,BS_260
,,1. Long-term deposits and collateral,BS_251,,,(Balance sheet) (Securities) Long-term deposits and collateral,BS_263,BS_260
Long-term prepaid expenses,BS_261,2. Long-term prepaid expenses,BS_252,,,(Balance sheet) Long-term prepaid expenses,BS_264,BS_260
Deferred tax assets,BS_262,3. Deferred tax assets,BS_253,Deferred corporate income tax assets,BS_253,(Balance sheet) Deferred tax assets,BS_265,BS_260
"Long-term equipment, supplies, spare parts",BS_263,,,,,"(Balance sheet) Long-term equipment, supplies, spare parts",BS_266,BS_260
,,4. Contributions to the Clearing Support Fund,BS_254,,,(Balance sheet) (Securities) Contributions to the Clearing Support Fund,BS_267,BS_260
Other non-current assets,BS_268,5. Other long-term assets,BS_255,Other assets,BS_254,(Balance sheet) (Other) Other non-current assets ,BS_268,BS_260
Goodwill,BS_269,,BS_256,Including goodwill,BS_255,(Balance sheet) Goodwill,BS_269,BS_260
,,,BS_257,Provisions for risks on other on-balance-sheet assets,BS_259,(Balance sheet) (Bank) Provisions for risks on other on-balance-sheet assets,BS_269.1,BS_260
TOTAL ASSETS,BS_270,TOTAL ASSETS,BS_270,Total assets,BS_300,(Balance sheet) TOTAL ASSETS,BS_270,BS_270
C. LIABILITIES,BS_300,C. LIABILITIES,BS_300,Total liabilities,BS_400,(Balance sheet) C. LIABILITIES,BS_300,BS_300
,,,,Government and central bank debts,BS_310,(Balance sheet) (Bank) Government and central bank debts,BS_301,BS_301
,,,,Deposits and loans from other credit institutions,BS_320,(Balance sheet) (Bank) Deposits and loans from other credit institutions,BS_302,BS_302
,,,,Deposits from other credit institutions,BS_321,(Balance sheet) (Bank) Deposits from other credit institutions,BS_303,BS_302
,,,,Loans from other credit institutions,BS_322,(Balance sheet) (Bank) Loans from other credit institutions,BS_304,BS_302
,,,,Customer deposits,BS_330,(Balance sheet) (Bank) Customer deposits,BS_305,BS_305
,,,,Derivative financial instruments and other financial liabilities,BS_340,(Balance sheet) (Bank) Derivative financial instruments and other financial liabilities,BS_306,BS_306
,,,,"Funds, entrusted investments, loans to risk-bearing credit institutions",BS_350,"(Balance sheet) (Bank) Funds, entrusted investments, loans to risk-bearing credit institutions",BS_307,BS_307
,,,,Issuance of valuable papers,BS_360,(Balance sheet) (Bank) Issuance of valuable papers,BS_308,BS_308
I. Current liabilities,BS_310,I. Current Liabilities,BS_310,I. Current liabilities,BS_361,(Balance sheet) Current liabilities,BS_310,BS_310
,,1.1. Short-term borrowings,BS_312,,,(Balance sheet) (Securities) Short-term borrowings,BS_311,BS_311
,,1.2. Short-term financial lease liabilities,BS_313,,,(Balance sheet) (Securities) Short-term financial lease liabilities,BS_312,BS_312
,,2. Short-term financial borrowings,BS_314,,,(Balance sheet) (Securities) Short-term financial borrowings,BS_313,BS_313
,,3. Convertible bonds - short term,BS_315,,,(Balance sheet) (Securities) Convertible bonds - short term,BS_314,BS_314
,,4. Short-term issued bonds,BS_316,,,(Balance sheet) (Securities) Short-term issued bonds,BS_315,BS_315
,,5. Borrowings from the Clearing Support Fund,BS_317,,,(Balance sheet) (Securities) Borrowings from the Clearing Support Fund,BS_316,BS_316
,,6. Payables from securities transactions,BS_318,,,(Balance sheet) (Securities) Payables from securities transactions,BS_317,BS_317
,,7. Payables from errors in financial asset transactions,BS_319,,,(Balance sheet) (Securities) Payables from errors in financial asset transactions,BS_318,BS_318
Trade payables (short-term),BS_311,8. Payables to short-term suppliers,BS_320,,,(Balance sheet) Trade payables (short-term),BS_319,BS_319
Advances from customers (short-term),BS_312,9. Advances from customers,BS_321,,,(Balance sheet) Advances from customers (short-term),BS_320,BS_320
Taxes and amounts payable to the State,BS_313,10. Taxes and amounts payable to the government,BS_322,,,(Balance sheet) Taxes and amounts payable to the State,BS_321,BS_321
Payables to employees,BS_314,11. Payables to employees,BS_323,,,(Balance sheet) Payables to employees,BS_322,BS_322
,,12. Employee welfare fund contributions,BS_324,,,(Balance sheet) (Securities) Employee welfare fund contributions,BS_331.1,BS_331.1
Accrued expenses (short-term),BS_315,13. Short-term accrued expenses,BS_325,,,(Balance sheet) Accrued expenses (short-term),BS_323,BS_323
Intra-group payables (short-term),BS_316,14. Internal payables - short term,BS_326,,,(Balance sheet) Intra-group payables (short-term),BS_324,BS_324
Payables under construction contract progress (short-term),BS_317,,,,,(Balance sheet) Payables under construction contract progress (short-term),BS_325,BS_325
Deferred revenue (short-term),BS_318,15. Short-term deferred revenue,BS_327,,,(Balance sheet) Deferred revenue (short-term),BS_326,BS_326
,,16. Short-term deposits and collateral received,BS_328,,,(Balance sheet) (Securities) Short-term deposits and collateral received,BS_327,BS_327
Other short-term payables,BS_319,17. Other short-term payables and liabilities,BS_329,,,(Balance sheet) Other short-term payables,BS_328,BS_328
Short-term borrowings and finance leases,BS_320,1. Short-term borrowings and financial lease liabilities,BS_311,,,(Balance sheet) Short-term borrowings and finance leases,BS_329,BS_329
Short-term provisions,BS_321,18. Short-term provisions,BS_330,,,(Balance sheet) Short-term provisions,BS_330,BS_330
Bonus and welfare funds,BS_322,19. Employee welfare fund,BS_331,,,(Balance sheet) Bonus and welfare funds,BS_331,BS_331
Price stabilization fund,BS_323,,,,,(Balance sheet) Price stabilization fund,BS_332,BS_332
Government bond repurchase transactions,BS_324,,,,,(Balance sheet) Government bond repurchase transactions,BS_333,BS_333
II. Non-current liabilities,BS_330,II. Long-term Liabilities,BS_340,,,(Balance sheet) Non-current liabilities,BS_340,BS_340
,,4. Long-term issued bonds,BS_346,,,(Balance sheet) (Securities) Long-term issued bonds,BS_341,BS_341
Long-term trade payables,BS_331,5. Long-term payables to suppliers,BS_347,,,(Balance sheet) Long-term trade payables,BS_342,BS_342
Advances from customers (long-term),BS_332,6. Advances from long-term customers,BS_348,,,(Balance sheet) Advances from customers (long-term),BS_343,BS_343
Accrued expenses (long-term),BS_333,7. Long-term accrued expenses,BS_349,,,(Balance sheet) Accrued expenses (long-term),BS_344,BS_344
Long-term intra-group business capital payables,BS_334,,,,,(Balance sheet) Long-term intra-group business capital payables,BS_345,BS_345
Long-term intra-group payables,BS_335,8. Internal payables - long term,BS_350,,,(Balance sheet) Long-term intra-group payables,BS_346,BS_346
Deferred revenue (long-term),BS_336,9. Long-term deferred revenue,BS_351,,,(Balance sheet) Deferred revenue (long-term),BS_347,BS_347
,,10. Long-term deposits and collateral received,BS_352,,,(Balance sheet) (Securities) Long-term deposits and collateral received,BS_348,BS_348
Other long-term payables,BS_337,11. Other long-term payables and liabilities,BS_353,Other liabilities,BS_370,(Balance sheet) Other long-term payables,BS_349,BS_349
Long-term borrowings and finance leases,BS_338,,BS_341,,,(Balance sheet) Long-term borrowings and finance leases,BS_350,BS_350
Convertible bonds,BS_339,,,,,(Balance sheet) Convertible bonds,BS_351,BS_351
Preferred shares,BS_340,,,,,(Balance sheet) Preferred shares,BS_352,BS_352
Deferred income tax liabilities,BS_341,14. Deferred tax liabilities,BS_356,Deferred corporate income tax liabilities,BS_372,(Balance sheet) Deferred income tax liabilities,BS_353,BS_353
Long-term provisions,BS_342,12. Long-term provisions,BS_354,,,(Balance sheet) Long-term provisions,BS_354,BS_354
,,13. Provision for compensation to investors,BS_355,,,(Balance sheet) (Securities) Provision for compensation to investors,BS_355,BS_355
,,,,Interest and fees payable,BS_371,(Balance sheet) (Bank) Interest and fees payable,BS_356,BS_356
,,,,Payables and other liabilities,BS_373,(Balance sheet) (Bank) Payables and other liabilities,BS_357,BS_357
Science and technology development fund,BS_343,15. Science and technology development fund,BS_357,,,(Balance sheet) Science and technology development fund,BS_358,BS_358
,,,,Other risk provisions (contingent liabilities and off-balance-sheet commitments),BS_379,(Balance sheet) (Bank) Other risk provisions (contingent liabilities and off-balance-sheet commitments),BS_359,BS_359
EQUITY,BS_400,D. OWNER'S EQUITY,BS_400,Shareholders’ equity,BS_500,(Balance sheet) D. EQUITY,BS_400,BS_400
Owner's equity,BS_410,I. Owner's Equity,BS_410,Credit institution's capital,BS_410,(Balance sheet) I. Owner's Equity,BS_410,BS_410
,,1. Owner's capital,BS_411,,,(Balance sheet) (Securities) Owner's capital,BS_411,BS_410
Contributed capital,BS_411,1.1. Contributed capital from owners,BS_411.1,Charter capital,BS_411,(Balance sheet) Contributed capital,BS_412,BS_410
Common shares with voting rights,BS_411a,,BS_411.1a,Capital construction investment,BS_412,(Balance sheet) Common shares with voting rights,BS_413,BS_410
Preferred shares,BS_411b,,BS_411.1b,,,(Balance sheet) Preferred shares,BS_414,BS_410
Share premium,BS_412,1.2. Share premium,BS_411.2,Share premium,BS_413,(Balance sheet) Share premium,BS_415,BS_410
Convertible bond options,BS_413,1.3. Convertible bond options,BS_411.3,,,(Balance sheet) Convertible bond options,BS_416,BS_410
Other owner’s capital,BS_414,1.4. Other owner's capital,BS_411.4,Other capital,BS_416,(Balance sheet) Other owner’s capital,BS_417,BS_410
Treasury shares,BS_415,1.5. Treasury shares,BS_411.5,Treasury shares,BS_414,(Balance sheet) Treasury shares,BS_418,BS_410
,,,,Preferred shares,BS_415,(Balance sheet) (Bank) Preferred shares,BS_419,BS_410
,,,,Credit institution’s reserves,BS_420,(Balance sheet) (Bank) Credit institution’s reserves,BS_420,BS_410
Revaluation differences in assets,BS_416,2. Revaluation differences on assets at fair value,BS_412,Asset revaluation difference,BS_440,(Balance sheet) Revaluation differences in assets,BS_421,BS_421
Foreign exchange differences,BS_417,3. Foreign exchange differences,BS_413,Foreign exchange rate difference,BS_430,(Balance sheet) Foreign exchange differences,BS_422,BS_422
Development investment fund,BS_418,,,,,(Balance sheet) Development investment fund,BS_423,BS_423
Enterprise arrangement assistance fund,BS_419,,,,,(Balance sheet) Enterprise arrangement assistance fund,BS_424,BS_424
Other funds under owner’s equity,BS_420,6. Other reserves in owner's equity,BS_416,,,(Balance sheet) Other funds under owner’s equity,BS_425,BS_425
,,4. Statutory reserves,BS_414,,,(Balance sheet) (Securities) Statutory reserves,BS_426,BS_426
,,5. Financial reserves and professional risk reserves,BS_415,,,(Balance sheet) (Securities) Financial reserves and professional risk reserves,BS_427,BS_427
Retained earnings after tax,BS_421,7. Undistributed profits,BS_417,Undistributed profit/Accumulated loss,BS_450,(Balance sheet) Retained earnings after tax,BS_430,BS_430
,,7.1. Realized profits,BS_417.1,,,(Balance sheet) (Securities) Realized profits,BS_431,BS_430
,,7.2. Unrealized profits,BS_417.2,,,(Balance sheet) (Securities) Unrealized profits,BS_432,BS_430
Accumulated retained earnings up to the end of the previous period,BS_421a,,,,,(Balance sheet) Accumulated retained earnings up to the end of the previous period,BS_433,BS_433
Retained earnings for this period,BS_421b,,,,,(Balance sheet) Retained earnings for this period,BS_434,BS_434
Capital for construction investment,BS_422,,,,,(Balance sheet) Capital for construction investment,BS_435,BS_435
Non-controlling interests,BS_429,8. Non-controlling interests,BS_418,Minority interests,BS_700,(Balance sheet) Non-controlling interests,BS_436,BS_436
Funds and other reserves,BS_430,,,,,(Balance sheet) Funds and other reserves,BS_437,BS_437
Funds,BS_431,,,,,(Balance sheet) Funds,BS_438,BS_438
Funds formed from fixed assets,BS_432,,,,,(Balance sheet) Funds formed from fixed assets,BS_439,BS_439
TOTAL LIABILITIES AND EQUITY,BS_440,TOTAL LIABILITIES AND OWNER'S EQUITY,BS_440,Total liabilities and shareholders’ equity,BS_800,(Balance sheet) TOTAL LIABILITIES AND EQUITY,BS_440,BS_440
,,,,Contingent liabilities,BS_910,(Balance sheet) (Bank) Contingent liabilities,BS_910,BS_910
,,,,Loan guarantees,BS_911,(Balance sheet) (Bank) Loan guarantees,BS_911,BS_911
,,,,Commitments under L/C operations,BS_912,(Balance sheet) (Bank) Commitments under L/C operations,BS_912,BS_912
,,,,Other guarantees,BS_913,(Balance sheet) (Bank) Other guarantees,BS_913,BS_913
,,,,Commitments issued,BS_920,(Balance sheet) (Bank) Commitments issued,BS_920,BS_920
,,,,Funding commitments to customers,BS_921,(Balance sheet) (Bank) Funding commitments to customers,BS_921,BS_921
,,,,Other commitments,BS_922,(Balance sheet) (Bank) Other commitments,BS_922,BS_922
1. Doanh thu bán hàng và cung cấp dịch vụ,IS_001,x,,1.Thu nhập lãi và các khoản thu nhập tương tự,IS_001,(Income statement) Gross Revenue from sales and services rendered,IS_001,IS_001
2. Các khoản giảm trừ doanh thu,IS_002,x,,,,(Income statement) Deductions from revenue,IS_002,IS_002
,,1.1. Lãi từ các tài sản tài chính ghi nhận thông qua lãi/lỗ (FVTPL),IS_001,,,(Income statement) (Securities) Interest from financial assets measured at fair value through profit or loss (FVTPL),IS_003,IS_020
,,a. Lãi bán các tài sản tài chính,IS_001.1,,,(Income statement) (Securities) Gain on sale of financial assets (FVTPL),IS_004,IS_020
,,b. Chênh lệch tăng đánh giá lại các TSTC thông qua lãi/lỗ,IS_001.2,,,(Income statement) (Securities) Revaluation gain on financial assets measured at fair value through profit or loss (FVTPL),IS_005,IS_020
,,"c. Cổ tức, tiền lãi phát sinh từ tài sản tài chính PVTPL",IS_001.3,,,"(Income statement) (Securities) Dividends, interest income from financial assets (FVTPL)",IS_006,IS_020
,,d. Chênh lệch giảm do đánh giá lại phải trả chứng quyền đang lưu hành,IS_001.4,,,(Income statement) (Securities) Revaluation loss on outstanding warrants payable (FVTPL),IS_007,IS_020
,,1.2. Lãi từ các khoản đầu tư nắm giữ đến ngày đáo hạn (HTM),IS_002,,,(Income statement) (Securities) Interest from held-to-maturity investments (HTM),IS_008,IS_020
,,1.3. Lãi từ các khoản cho vay và phải thu,IS_003,,,(Income statement) (Securities) Interest from loans and receivables,IS_009,IS_020
,,1.4. Lãi từ các tài sản tài chính sẵn sàng để bán (AFS),IS_004,,,(Income statement) (Securities) Interest from available-for-sale (AFS) financial assets,IS_010,IS_020
,,1.6. Doanh thu môi giới chứng khoán,IS_006,,,(Income statement) (Securities) Brokerage commission revenue,IS_011,IS_020
,,"1.7. Doanh thu bảo lãnh, đại lý phát hành chứng khoán",IS_007,,,(Income statement) (Securities) Underwriting and issuance agent revenue,IS_012,IS_020
,,1.8. Doanh thu nghiệp vụ tư vấn đầu tư chứng khoán,IS_008,,,(Income statement) (Securities) Investment advisory revenue,IS_013,IS_020
,,1.10. Doanh thu lưu ký chứng khoán,IS_009,,,(Income statement) (Securities) Custody revenue,IS_014,IS_020
,,Doanh thu hoạt động tư vấn tài chính,IS_010,,,(Income statement) (Securities) Revenue from financial advisory services,IS_015,IS_020
,,1.11. Thu nhập hoạt động khác,IS_011,,,(Income statement) (Securities) Other operating income,IS_016,IS_020
3. Doanh thu thuần về bán hàng và cung cấp dịch vụ (10 = 01 - 02),IS_010,Cộng doanh thu hoạt động,IS_020,1.Thu nhập lãi và các khoản thu nhập tương tự,IS_001,(Income statement) Net Revenue from sales and services rendered,IS_020,IS_020
,,2.1. Lỗ các tài sản tài chính ghi nhận thông qua lãi/lỗ (FVTPL),IS_021,,,(Income statement) (Securities) Loss from financial assets measured at fair value through profit or loss (FVTPL),IS_021,IS_036
,,a. Lỗ bán các tài sản tài chính,IS_021.1,,,(Income statement) (Securities) Loss on sale of financial assets,IS_022,IS_036
,,b. Chênh lệch giảm đánh giá lại các TSTC thông qua lãi/lỗ,IS_021.2,,,(Income statement) (Securities) Revaluation loss on financial assets measured at fair value through profit or loss (FVTPL),IS_023,IS_036
,,c. c.Chi phí giao dịch mua các tài sản tài chính FVTPL,IS_021.3,,,(Income statement) (Securities) Transaction costs for purchasing financial assets (FVTPL),IS_024,IS_036
,,d. Chênh lệch tăng do đánh giá lại phải trả chứng quyền đang lưu hành,IS_021.4,,,(Income statement) (Securities) Revaluation gain on outstanding warrants payable,IS_025,IS_036
,,2.2. Lỗ các khoản đầu tư nắm giữ đến ngày đáo hạn (HTM),IS_022,,,(Income statement) (Securities) Loss from held-to-maturity investments (HTM),IS_026,IS_036
,,2.4. Lỗ bán các tài sản tài chính sẵn sàng để bán (AFS),IS_023,,,(Income statement) (Securities) Loss on sale of available-for-sale (AFS) financial assets,IS_027,IS_036
,,"Chi phí dự phòng tài sản tài chính, xử lý tổn thất các khoản phải thu khó đòi, lỗ suy giảm tài sản tài chính và chi phí đi vay của các khoản cho vay",IS_024,,,"(Income statement) (Securities) Provision expenses for financial assets, bad debt write-offs, financial asset impairment, and borrowing costs",IS_028,IS_036
,,2.6. Chi phí hoạt động tự doanh,IS_026,,,(Income statement) (Securities) Proprietary trading expenses,IS_029,IS_036
,,2.7. Chi phí môi giới chứng khoán,IS_027,,,(Income statement) (Securities) Brokerage commission expenses,IS_030.1,IS_036
,,"2.8. Chi phí hoạt động bảo lãnh, đại lý phát hành chứng khoán",IS_028,,,(Income statement) (Securities) Underwriting and issuance agent expenses,IS_031,IS_036
,,2.9. Chi phí tư vấn đầu tư chứng khoán,IS_029,,,(Income statement) (Securities) Investment advisory expenses,IS_032,IS_036
,,2.11. Chi phí lưu ký chứng khoán,IS_030,,,(Income statement) (Securities) Custody expenses,IS_033,IS_036
,,     Chi phí hoạt động tư vấn tài chính,IS_031,,,(Income statement) (Securities) Financial commission expenses,IS_030.2,IS_036
,,2.12. Chi phí khác,IS_032,,,(Income statement) (Securities) Other expenses,IS_034,IS_036
4. Giá vốn hàng bán,IS_011,Cộng chi phí hoạt động,IS_040,2. Chi phí lãi và các chi phí tương tự,IS_002,(Income statement) Cost of goods sold,IS_036,IS_036
5. Lợi nhuận gộp về bán hàng và cung cấp dịch vụ(20=10-11),IS_020,Gross profit from sales and services rendered,IS_040.1,I. Thu nhập lãi thuần,IS_003,(Income statement) Gross profit (Gross income) from sales and services (from collecting interest if bank),IS_040,IS_040
,,,,Tổng thu nhập hoạt động,IS_030,(Income statement) (Bank) Total Income from Activities,IS_150,IS_151
,,,,3. Thu nhập từ hoạt động dịch vụ,IS_004,(Income statement) (Bank) Income from Service Activities,IS_151,IS_153
,,,,4. Chi phí hoạt động dịch vụ,IS_005,(Income statement) (Bank) Expenses from Service Activities,IS_152,IS_153
,,,,II. Lãi/lỗ thuần từ hoạt động dịch vụ,IS_006,(Income statement) (Bank) Net Profit/Loss from Service Activities,IS_153,IS_153
,,3.1. Chênh lệch lãi tỷ giá hối đoái đã và chưa thực hiện,IS_041,,,(Income statement) (Securities) Exchange rate gain (realized and unrealized),IS_041,IS_045
,,"3.2. Doanh thu, dự thu cổ tức, lãi tiền gửi không cố định phát sinh trong kỳ",IS_042,,,"(Income statement) (Securities) Revenue, accrued dividend, and interest from non-fixed deposits generated during the period",IS_042,IS_045
,,"3.3. Lãi bán, thanh lý các khoản đầu tư vào công ty con, liên kết, liên doanh",IS_043,,,"(Income statement) (Securities) Gain on sale and liquidation of investments in subsidiaries, associates, and joint ventures",IS_043,IS_045
,,3.4. Doanh thu khác về đầu tư,IS_044,,,(Income statement) (Securities) Other investment revenue,IS_044,IS_045
6. Doanh thu hoạt động tài chính,IS_021,Cộng doanh thu hoạt động tài chính,IS_050,,,(Income statement) Financial income,IS_045,IS_045
,,4.1. Chênh lệch lỗ tỷ giá hối đoái đã và chưa thực hiện,IS_051,,,(Income statement) (Securities) Exchange rate loss (realized and unrealized),IS_046,IS_050
,,Chi phí dự phòng suy giảm giá trị các khoản đầu tư tài chính dài hạn,IS_053,,,(Income statement) (Securities) Provision expenses for impairment of long-term financial investments,IS_047,IS_050
,,4.4. chi phí tài chính khác,IS_054,,,(Income statement) (Securities) Other financial expenses,IS_048,IS_050
7. Chi phí tài chính,IS_022,Cộng chi phí tài chính,IS_060,,,(Income statement) Financial expenses,IS_050,IS_050
- Trong đó: Chi phí lãi vay,IS_023,4.2. Chi phí lãi vay,IS_052,,,(Income statement) Of which: Interest expenses,IS_049,IS_050
"8. Phần lãi lỗ trong công ty liên doanh, liên kết",IS_024,x,,,,(Income statement) Share of profit/(loss) from joint ventures and associates,IS_051,IS_051
9. Chi phí bán hàng,IS_025,x,IS_061,,,(Income statement) Selling expenses,IS_052,IS_052
,,,,III. Lãi/lỗ thuần từ hoạt động kinh doanh ngoại hối,IS_007,(Income statement) (Bank) Net profit/(loss) from foreign exchange trading,IS_053,IS_053
,,,,IV. Lãi /lỗ thuần từ mua bán chứng khoán kinh doanh,IS_008,(Income statement) (Bank) Net profit/(loss) from trading of trading securities,IS_054,IS_054
,,,,V. Lãi/lỗ thuần từ mua bán chứng khoán đầu tư,IS_009,(Income statement) (Bank) Net profit/(loss) from trading of investment securities,IS_055,IS_055
,,,,"VII. Thu nhập từ góp vốn, mua cổ phần",IS_013,"(Income statement) (Bank) Income from capital contributions, share purchases",IS_056,IS_056
,IS_027,,IS_095,VIII. Chi phí hoạt động,IS_014,(Income statement) Total Operating Costs,IS_057,IS_057
10. Chi phí quản lý doanh nghiệp,IS_026,x,IS_062,,,(Income statement) Administrative expenses,IS_058,IS_058
11. Lợi nhuận thuần từ hoạt động kinh doanh{30=20+(21-22) + 24 - (25+26)},IS_030,x,IS_070,IX. Lợi nhuận thuần từ hoạt động kinh doanh trước chi phí dự phòng rủi ro tín dụng,IS_015,(Income statement) Net profit from operating activities,IS_060,IS_060
,,,,X. Chi phí dự phòng rủi ro tín dụng,IS_016,(Income statement) (Bank) Provision for credit losses,IS_061,IS_061
12. Thu nhập khác,IS_031,8.1. Thu nhập khác,IS_071,5. Thu nhập từ hoạt động khác,IS_010,(Income statement) Other income,IS_062,IS_062
13. Chi phí khác,IS_032,8.2. Chi phí khác,IS_072,6. Chi phí hoạt động khác,IS_011,(Income statement) Other expenses,IS_063,IS_063
14. Lợi nhuận khác(40=31-32),IS_040,Cộng kết quả hoạt động khác,IS_080,VI. Lãi/lỗ thuần từ hoạt động khác,IS_012,(Income statement) Other profit/(loss),IS_070,IS_070
15. Tổng lợi nhuận kế toán trước thuế(50=30+40),IS_050,IX. TỔNG LỢI NHUẬN KẾ TOÁN TRƯỚC THUẾ,IS_090,XI. Tổng lợi nhuận trước thuế,IS_017,(Income statement) Total profit before tax,IS_080,IS_080
,,9.1. Lợi nhuận đã thực hiện,IS_091,,,(Income statement) (Securities) Realized profit,IS_081,IS_080
,,9.2. Lợi nhuận chưa thực hiện,IS_092,,,(Income statement) (Securities) Unrealized profit,IS_082,IS_080
CHI PHÍ THUẾ TNDN,IS_050.1,X. CHI PHÍ THUẾ TNDN,IS_100,XII. Chi phí thuế TNDN,IS_020,(Income statement) Corporate income tax expenses,IS_090,IS_090
16. Chi phí thuế TNDN hiện hành,IS_051,10.1. Chi phí thuế TNDN hiện hành,IS_100.1,7. Chi phí thuế TNDN hiện hành,IS_018,(Income statement) Current corporate income tax expense,IS_091,IS_090
17. Chi phí thuế TNDN hoãn lại,IS_052,10.2. Chi phí thuế TNDN hoãn lại,IS_100.2,8. Chi phí thuế TNDN hoãn lại,IS_019,(Income statement) Deferred corporate income tax expense,IS_092,IS_090
18. Lợi nhuận sau thuế thu nhập doanh nghiệp(60=50-51-52),IS_060,XI. LỢI NHUẬN KẾ TOÁN SAU THUẾ TNDN,IS_200,XIII. Lợi nhuận sau thuế,IS_021,(Income statement) Profit after corporate income tax (Net Income),IS_100,IS_100
,,11.1. Lợi nhuận sau thuế phân bổ cho chủ sở hữu,IS_201,,,(Income statement) (Securities) Profit after tax attributable to owners of the company,IS_101,IS_100
,,"11.2. Lợi nhuận sau thuế trích các Quỹ dự trữ điều lệ, Quỹ Dự phòng tài chính và rủi ro nghề nghiệp theo quy định của Điều lệ Công ty là %)",IS_202,,,"(Income statement) (Securities) Profit after tax allocated to statutory reserves, financial reserves, and professional risk reserves as per the company's charter",IS_102,IS_100
19. Lợi nhuận sau thuế công ty mẹ,IS_061,,,,IS_022.1,(Income statement) Profit after tax attributable to the parent company,IS_103,IS_100
20. Lợi nhuận sau thuế công ty mẹ không kiểm soát,IS_062,11.3. Lợi nhuận thuần phân bổ cho lợi ích của cổ đông không kiểm soát,IS_203,XIV. Lợi ích của cổ đông thiểu số,IS_022,(Income statement) Profit after tax attributable to non-controlling interests,IS_104,IS_100
,,XII. THU NHẬP (LỖ) TOÀN DIỆN KHÁC SAU THUẾ TNDN,IS_300,,,(Income statement) (Securities) OTHER COMPREHENSIVE INCOME (LOSS) AFTER TAX,IS_110,IS_110
,,Tổng thu nhập toàn diện khác,IS_400,,,(Income statement) (Securities) Total comprehensive income,IS_111,IS_110
,,Thu nhập toàn diện khác phân bổ cho chủ sở hữu,IS_401,,,(Income statement) (Securities) Comprehensive income attributable to owners of the company,IS_112,IS_110
,,XIII. THU NHẬP THUẦN TRÊN CỔ PHIẾU PHỔ THÔNG,IS_500,,,(Income statement) (Securities) XIII. EARNINGS PER COMMON SHARE,IS_120,IS_120
21. Lãi cơ bản trên cổ phiếu(*),IS_070,13.1. Lãi cơ bản trên cổ phiếu (Đồng/1 cổ phiếu),IS_501,XV. Lãi cơ bản trên cổ phiếu,IS_023,(Income statement) Basic earnings per share,IS_130,IS_130
22. Lãi suy giảm trên cổ phiếu (*),IS_071,13.2. Thu nhập pha loãng trên cổ phiếu (Đồng/1 cổ phiếu),IS_502,,IS_024,(Income statement) Diluted earnings per share,IS_140,IS_140
1. Lợi nhuận trước thuế,CF_001,Lợi nhuận trước thuế TNDN,CF_001,1. Thu nhập lãi và các khoản thu nhập tương tự nhận được,CF_001,(Cash flow) Profit before tax,CF_001,CF_001
,,,,3. Thu nhập từ hoạt động dịch vụ nhận được,CF_003,(Cash flow) (Bank) Income from service activities received,CF_002,CF_001
- Khấu hao TSCĐ và BĐSĐT,CF_002,Khấu hao tài sản cố định,CF_003,,,(Cash flow) Depreciation of fixed assets and investment properties,CF_003,CF_001
- Các khoản dự phòng,CF_003,Các khoản dự phòng,CF_004,"6. Tiền thu các khoản nợ đã được xử lý xóa, bù đắp bằng nguồn rủi ro",CF_006,(Cash flow) Provisions,CF_004,CF_001
"- Lãi, lỗ chênh lệch tỷ giá hối đoái do đánh giá lại các khoản mục tiền tệ có gốc ngoại tệ",CF_004,,CF_005,"4. Chênh lệch số tiền thực thu/thực chi từ hoạt động kinh doanh(ngoại tệ,vàng bạc,chứng khoán)",CF_004,(Cash flow) Foreign exchange gains/losses due to revaluation of foreign currency monetary items,CF_005,CF_001
"- Lãi, lỗ từ hoạt động đầu tư",CF_005,Lãi/lỗ hoạt động đầu tư,CF_007,,,(Cash flow) Gains/losses from investment activities,CF_006,CF_001
- Chi phí lãi vay,CF_006,Chi phí lãi vay,CF_006,2. Chi phí lãi và các chi phí tương tự đã trả,CF_002,(Cash flow) Interest expenses,CF_007,CF_001
- Các khoản điều chỉnh khác,CF_007,,,5. Thu nhập khác,CF_005,(Cash flow) Other adjustment/ income,CF_008,CF_001
,,,,"7. Tiền chi trả cho nhân viên và hoạt động quản lý, công vụ(*)",CF_007,"(Cash flow) (Bank) Payments to employees and for administrative, public services",CF_009,CF_001
,,Dự thu tiền lãi,CF_008,,,(Cash flow) (Securities) Accrued interest income,CF_010,CF_001
,, Tăng các chi phí phi tiền tệ,CF_010,,,(Cash flow) (Securities) Increase non-monetary costs,CF_011,CF_001
,,Giảm các doanh thu phi tiền tệ,CF_018,,,(Cash flow) (Securities) Decrease non-monetary costs,CF_012,CF_001
3. Lợi nhuận từ hoạt động kinh doanh trước thay đổi vốn lưu động,CF_008,Lợi nhuận từ hoạt động kinh doanh trước thay đổi vốn lưu động,CF_030,B. Lưu chuyển tiền thuần từ hoạt động kinh doanh trước những thay đổi về tài sản và vốn lưu động,CF_009,(Cash flow) Profit from business activities before changes in working capital,CF_020,CF_020
,,,,9. (Tăng)/Giảm các khoản tiền gửi và cho vay các TCTD khác,CF_010,(Cash flow) (Bank) (Increase)/Decrease in deposits and loans to other credit institutions,CF_021,CF_020
,,,,11. (Tăng)/Giảm các công cụ tài chính phái sinh và các tài sản tài chính khác,CF_012,(Cash flow) (Bank) (Increase)/Decrease in derivative financial instruments and other financial assets,CF_022,CF_020
,,,,12. (Tăng)/Giảm các khoản cho vay khách hàng,CF_013,(Cash flow) (Bank) (Increase)/Decrease in loans to customers,CF_023,CF_020
,,,,13. Giảm nguồn dự phòng để bù đắp tổn thất các khoản,CF_014,(Cash flow) (Bank) Decrease in provisions for covering losses,CF_024,CF_020
,,,,14. (Tăng)/Giảm khác về tài sản hoạt động,CF_015,(Cash flow) (Bank) (Increase)/Decrease in other operating assets,CF_025,CF_020
,,,,15. Tăng/(Giảm) các khoản nợ chính phủ và NHNN,CF_016,(Cash flow) (Bank) Increase/(Decrease) in government and central bank debts,CF_026,CF_020
,,,,"16. Tăng/(Giảm) các khoản tiền gửi, tiền vay các tổ chức tín dụng",CF_017,(Cash flow) (Bank) Increase/(Decrease) in deposits and loans from credit institutions,CF_027,CF_020
,,,,17. Tăng/(Giảm) tiền gửi của khách hàng(bao gồm cả kho bạc nhà nước),CF_018,(Cash flow) (Bank) Increase/(Decrease) in customer deposits (including the state treasury),CF_028,CF_020
,,,,18. Tăng(/Giảm) phát hành giấy tờ có giá(ngoại trừ giấy tờ có giá phát hành được tính vào hoạt động tài chính),CF_019,(Cash flow) (Bank) Increase/(Decrease) in issuance of valuable papers (excluding those recognized as financial activities),CF_029,CF_020
,,,,"19. Tăng/(Giảm) vốn tài trợ, ủy thác đầu tư, cho vay TCTD chịu rủi ro",CF_020,"(Cash flow) (Bank) Increase/(Decrease) in grants, investment trusts, loans to risk-bearing credit institutions",CF_030,CF_020
,,,,20. Tăng/ (Giảm) các công cụ tài chính phái sinh và các khoản nợ tài chính khác,CF_021,(Cash flow) (Bank) Increase/(Decrease) in derivative financial instruments and other financial liabilities,CF_031,CF_020
,,,,21. Tăng/ (Giảm) khác về công nợ hoạt động,CF_022,(Cash flow) (Bank) Increase/(Decrease) in other operating liabilities,CF_032,CF_020
,,,,22. Chi từ các quỹ của TCTD(*),CF_023,(Cash flow) (Bank) Payments from the funds of credit institutions,CF_033,CF_020
,,          Tăng (giảm) tài sản tài chính ghi nhận thông qua lãi/ lỗ (FVTPL),CF_031,,,(Cash flow) (Securities) Increase (decrease) in financial assets recognized through profit or loss (FVTPL),CF_200,CF_020
,,          Tăng (giảm) các khoản đầu tư giữ đến ngày đáo hạn (HTM),CF_032,,,(Cash flow) (Securities) Increase (decrease) in held-to-maturity investments (HTM),CF_201,CF_020
,,          Tăng(giảm) các khoản cho vay,CF_033,,,(Cash flow) (Securities) Increase (decrease) in loans granted,CF_202,CF_020
,,          Tăng (giảm) tài sản tài chính sẵn sàng để bán AFS,CF_034,,,(Cash flow) (Securities) Increase (decrease) in available-for-sale financial assets (AFS),CF_203,CF_020
,,"          (-) Tăng, (+) giảm phải thu bán các tài sản tài chính",CF_035,,,"(Cash flow) (Securities) (-) Increase, (+) decrease in receivables from the sale of financial assets",CF_204,CF_020
,,"          (-) Tăng, (+) giảm phải thu và dự thu cổ tức, tiền lãi các tài sản tài chính",CF_036,,,"(Cash flow) (Securities) (-) Increase, (+) decrease in receivables and accrued income from dividends and interest on financial assets",CF_205,CF_020
,,"          (-) Tăng, (+) giảm các khoản phải thu các dịch vụ CTCK cung cấp",CF_037,,,"(Cash flow) (Securities) (-) Increase, (+) decrease in receivables from services provided by securities companies",CF_206,CF_020
,,Tăng/giảm các khoản phải thu khác,CF_039,,,(Cash flow) (Securities) Increase/decrease in receivables,CF_207,CF_020
"- Tăng, giảm các khoản phải thu",CF_009,,,,,(Cash flow) (Corporate) Increase/decrease in receivables,CF_034,CF_020
"- Tăng, giảm hàng tồn kho",CF_010,,,,,(Cash flow) (Corporate) Increase/decrease in inventories,CF_035,CF_020
,,          Tăng/giảm các tài sản khác,CF_040,,,(Cash flow) (Securities) Increase/decrease in other assets,CF_220,CF_020
"- Tăng, giảm các khoản phải trả (Không kể lãi vay phải trả, thuế thu nhập doanh nghiệp phải nộp)",CF_011,,CF_041,,,"(Cash flow) Increase/decrease in payables (excluding interest payable, corporate income tax payable)",CF_036,CF_020
"- Tăng, giảm chi phí trả trước",CF_012,Tăng/giảm chi phí trả trước,CF_042,,,(Cash flow) Increase/decrease in prepaid expenses,CF_037,CF_020
"- Tăng, giảm chứng khoán kinh doanh",CF_013,,,10. (Tăng)/Giảm các khoản về kinh doanh chứng khoán,CF_011,(Cash flow) Increase/decrease in trading securities,CF_038,CF_020
- Tiền lãi vay đã trả,CF_014,Lãi vay phải trả,CF_044,,,(Cash flow) Interest paid,CF_039,CF_020
- Thuế thu nhập doanh nghiệp đã nộp,CF_015,Thuế TNDN đã trả,CF_043,8. Tiền thuế thu nhập thực nộp trong kỳ(*),CF_008,(Cash flow) Corporate income tax paid,CF_040,CF_020
,,"          (+) Tăng, (-) giảm phải trả cho người bán",CF_045,,,"(Cash flow) (Securities) (+) Increase, (-) decrease in payables to suppliers",CF_210,CF_020
,,"          (+) Tăng, (-) giảm các khoản trích nộp phúc lợi nhân viên",CF_046,,,"(Cash flow) (Securities) (+) Increase, (-) decrease in employee benefit contributions",CF_211,CF_020
,,"          (+) Tăng, (-) giảm thuế và các khoản phải nộp Nhà nước",CF_047,,,"(Cash flow) (Securities) (+) Increase, (-) decrease in taxes and obligations payable to the State",CF_212,CF_020
,,"          (+) Tăng, (-) giảm phải trả người lao động",CF_048,,,"(Cash flow) (Securities) (+) Increase, (-) decrease in payables to employees",CF_213,CF_020
,,Tăng/giảm các khoản phải trả khác,CF_050,,,(Cash flow) (Securities) Increase/decrease in other payables,CF_041,CF_020
- Tiền thu khác từ hoạt động kinh doanh,CF_016,,CF_051,,,(Cash flow) Other cash receipts from business activities,CF_042,CF_020
- Tiền chi khác cho hoạt động kinh doanh,CF_017,,CF_052,,,(Cash flow) Other cash payments for business activities,CF_043,CF_020
Lưu chuyển tiền thuần từ hoạt động kinh doanh,CF_020,Lưu chuyển tiền thuần từ hoạt động kinh doanh,CF_060,I. Lưu chuyển tiền thuần từ hoạt động kinh doanh,CF_024,(Cash flow) Net cash flow from operating activities,CF_050,CF_050
"1.Tiền chi để mua sắm, xây dựng TSCĐ và các tài sản dài hạn khác",CF_021,Tiền mua tài sản cố định và các tài sản dài hạn khác,CF_061,1. Mua sắm tài sản cố định(*),CF_025,"(Cash flow) Cash outflows for purchase, construction of fixed assets and other long-term assets",CF_051,CF_050
"2.Tiền thu từ thanh lý, nhượng bán TSCĐ và các tài sản dài hạn khác",CF_022,Tiền thu được từ thanh lý tài sản cố định,CF_062,"2. Tiền thu từ thanh lý, nhượng bán TSCĐ",CF_026,(Cash flow) Cash inflows from disposal of fixed assets and other long-term assets,CF_052,CF_050
,,,,"3. Tiền chi từ thanh lý, nhượng bán TSCĐ(*)",CF_027,"(Cash flow) Cash paid for liquidation, sale of fixed assets",CF_053,CF_050
,,,,4. Mua sắm bất động sản đầu tư(*),CF_028,(Cash flow) Purchase of investment property,CF_054,CF_050
"3.Tiền chi cho vay, mua các công cụ nợ của đơn vị khác",CF_023,,,,,"(Cash flow) Cash outflows for loans, purchasing debt instruments of other entities",CF_055,CF_050
"4.Tiền thu hồi cho vay, bán lại các công cụ nợ của đơn vị khác",CF_024,,,,,"(Cash flow) Cash inflows from recovering loans, reselling debt instruments of other entities",CF_056,CF_050
,,,,"5. Tiền thu từ bán, thanh lý bất động sản đầu tư",CF_029,"(Cash flow) (Bank) Cash received from sale, liquidation of investment property",CF_057,CF_050
,,,,"6. Tiền chi ra do bán, thanh lý bất động sản đầu tư (*)",CF_030,"(Cash flow) (Bank) Cash paid for sale, liquidation of investment property",CF_058,CF_050
5.Tiền chi đầu tư góp vốn vào đơn vị khác,CF_025,,CF_063,"7. Tiền chi đầu t­ư, góp vốn vào các đơn vị khác (Chi đầu tư mua công ty con, góp vốn liên doanh, liên kết, và các khoản đầu tư dài hạn khác) (*)",CF_031,(Cash flow) Cash outflows for capital investments in other entities,CF_059,CF_050
6.Tiền thu hồi đầu tư góp vốn vào đơn vị khác,CF_026,,CF_064,"8. Tiền thu đầu t­ư, góp vốn vào các đơn vị khác (Thu bán, thanh lý công ty con, góp vốn liên doanh, liên kết, các khoản đầu tư dài hạn khác)",CF_032,(Cash flow) Cash inflows from recovering capital investments in other entities,CF_060,CF_050
"7.Tiền thu lãi cho vay, cổ tức và lợi nhuận được chia",CF_027,,CF_065,"9. Tiền thu cổ tức và lợi nhuận được chia từ các khoản đầu tư, góp vốn dài hạn",CF_033,"(Cash flow) Cash receipts from interest, dividends, and profit sharing",CF_061,CF_050
Lưu chuyển tiền thuần từ hoạt động đầu tư,CF_030,Lưu chuyển tiền thuần từ hoạt động đầu tư,CF_070,II. Lưu chuyển tiền thuần từ hoạt động đầu tư,CF_034,(Cash flow) Net cash flow from investing activities,CF_070,CF_070
,,,,1. Tăng vốn cổ phần từ góp vốn và/hoặc phát hành cổ phiếu,CF_035,(Cash flow) (Bank) Increase in share capital from contributions and/or issuance of shares,CF_071,CF_070
"1.Tiền thu từ phát hành cổ phiếu, nhận vốn góp của chủ sở hữu",CF_031,,CF_071,2. Tiền thu từ phát hành giấy tờ có giá dài hạn có đủ điều kiện tính vào vốn tự có và các khoản vốn vay dài hạn khác,CF_036,"(Cash flow) Cash inflows from issuing shares, receiving capital contributions from owners",CF_072,CF_070
"2.Tiền trả lại vón góp cho các chủ sở hữu, mua lại cổ phiếu của doanh nghiệp đã phát hành",CF_032,,CF_072,3. Tiền chi thanh toán giấy tờ có giá dài hạn có đủ điều kiện tính vào vốn tự có và các khoản vốn vay dài hạn khác(*),CF_037,"(Cash flow) Cash outflows for repaying capital to owners, buying back issued shares",CF_073,CF_070
,,Tiền vay gốc,CF_073,,,(Cash flow) (Securities) Loan principal received,CF_074,CF_070
3.Tiền thu từ đi vay,CF_033,,,,,(Cash flow) Cash inflows from borrowing,CF_075,CF_070
4.Tiền chi trả nợ gốc vay,CF_034,Tiền chi trả nợ gốc vay,CF_074,,,(Cash flow) Cash outflows for principal debt repayment,CF_076,CF_070
5.Tiền chi trả nợ gốc thuê tài chính,CF_035,,CF_075,,,(Cash flow) Cash outflows for principal payments on finance leases,CF_077,CF_070
"6. Cổ tức, lợi nhuận đã trả cho chủ sở hữu",CF_036,,CF_076,"4. Cổ tức trả cho cổ đông, lợi nhuận đã chia(*)",CF_038,"(Cash flow) Dividends, profits paid to owners",CF_078,CF_070
7. Tiền thu từ vốn góp của cổ đông không kiểm soát,CF_037,,,,,(Cash flow) Cash inflows from non-controlling interests' capital contributions,CF_079,CF_070
,,,,5. Tiền chi ra mua cổ phiếu quỹ (*),CF_039,(Cash flow) (Bank) Cash paid for repurchase of treasury shares,CF_080,CF_070
,,,,6. Tiền thu được do bán cổ phiếu quỹ,CF_040,(Cash flow) (Bank) Proceeds from the sale of treasury shares,CF_081,CF_070
Lưu chuyển tiền thuần từ hoạt động tài chính,CF_040,Lưu chuyển tiền tệ từ hoạt động tài chính,CF_080,III.Lưu chuyển tiền thuần từ hoạt động tài chính,CF_041,(Cash flow) Net cash flow from financing activities,CF_090,CF_090
Lưu chuyển tiền thuần trong kỳ (50 = 20+30+40),CF_050,LƯU CHUYỂN TIỀN THUẦN TRONG KỲ,CF_090,IV.Lưu chuyển tiền thuần trong kỳ,CF_042,(Cash flow) Net cash flow during the period,CF_100,CF_100
Tiền và tương đương tiền đầu kỳ,CF_060,TIỀN VÀ TƯƠNG ĐƯƠNG TIỀN ĐẦU KỲ,CF_101,V. Tiền và các khoản tương đương tiền tại thời điểm đầu kỳ,CF_043,(Cash flow) Cash and cash equivalents at the beginning of the period,CF_110,CF_110
Ảnh hưởng của thay đổi tỷ giá hối đoái quy đổi ngoại tệ,CF_061,,,VI. Điều chỉnh ảnh hưởng của thay đổi tỷ giá,CF_044,(Cash flow) Effects of exchange rate changes on foreign currency conversion,CF_120,CF_120
Tiền và tương đương tiền cuối kỳ (70 = 50+60+61),CF_070,TIỀN VÀ TƯƠNG ĐƯƠNG TIỀN CUỐI KỲ,CF_103,VII. Tiền và các khoản tương đương tiền tại thời điểm cuối kỳ,CF_045,(Cash flow) Cash and cash equivalents at the end of the period,CF_130,CF_130
